fname,flabel
a001.wav,aire
a002.wav,aire
a003.wav,aire
a004.wav,aire
a005.wav,aire
a006.wav,aire
a007.wav,aire
a008.wav,aire
a009.wav,aire
a010.wav,aire
a011.wav,aire
a012.wav,aire
a013.wav,aire
a014.wav,aire
a015.wav,aire
a016.wav,aire
a017.wav,aire
a018.wav,aire
a019.wav,aire
a020.wav,aire
a021.wav,aire
a022.wav,aire
a023.wav,aire
a024.wav,aire
a025.wav,aire
a026.wav,aire
a027.wav,aire
a028.wav,aire
a029.wav,aire
a030.wav,aire
a031.wav,aire
a032.wav,aire
a033.wav,aire
a034.wav,aire
a035.wav,aire
a036.wav,aire
a037.wav,aire
a038.wav,aire
a039.wav,aire
a040.wav,aire
a041.wav,aire
a042.wav,aire
a043.wav,aire
a044.wav,aire
a045.wav,aire
a046.wav,aire
a047.wav,aire
a048.wav,aire
a049.wav,aire
a050.wav,aire
a051.wav,aire
a052.wav,aire
a053.wav,aire
a054.wav,aire
a055.wav,aire
a056.wav,aire
a057.wav,aire
a058.wav,aire
a059.wav,aire
a060.wav,aire
a061.wav,aire
a062.wav,aire
a063.wav,aire
a064.wav,aire
a065.wav,aire
a066.wav,aire
a067.wav,aire
a068.wav,aire
a069.wav,aire
a070.wav,aire
a071.wav,aire
a072.wav,aire
a073.wav,aire
a074.wav,aire
a075.wav,aire
a076.wav,aire
a077.wav,aire
a078.wav,aire
a079.wav,aire
a080.wav,aire
a081.wav,aire
a082.wav,aire
a083.wav,aire
a084.wav,aire
a085.wav,aire
a086.wav,aire
a087.wav,aire
a088.wav,aire
a089.wav,aire
a090.wav,aire
a091.wav,aire
a092.wav,aire
a093.wav,aire
a094.wav,aire
a095.wav,aire
a096.wav,aire
a097.wav,aire
a098.wav,aire
a099.wav,aire
a100.wav,aire
a101.wav,aire
a102.wav,aire
a103.wav,aire
a104.wav,aire
a105.wav,aire
a106.wav,aire
a107.wav,aire
a108.wav,aire
a109.wav,aire
a110.wav,aire
a111.wav,aire
a112.wav,aire
a113.wav,aire
a114.wav,aire
a115.wav,aire
a116.wav,aire
a117.wav,aire
a118.wav,aire
a119.wav,aire
a120.wav,aire
a121.wav,aire
a122.wav,aire
a123.wav,aire
a124.wav,aire
a125.wav,aire
a126.wav,aire
a127.wav,aire
a128.wav,aire
a129.wav,aire
a130.wav,aire
a131.wav,aire
a132.wav,aire
a133.wav,aire
a134.wav,aire
a135.wav,aire
a136.wav,aire
a137.wav,aire
a138.wav,aire
a139.wav,aire
a140.wav,aire
a141.wav,aire
a142.wav,aire
a143.wav,aire
a144.wav,aire
a145.wav,aire
a146.wav,aire
a147.wav,aire
a148.wav,aire
a149.wav,aire
a150.wav,aire
a151.wav,aire
a152.wav,aire
a153.wav,aire
a154.wav,aire
a155.wav,aire
a156.wav,aire
a157.wav,aire
a158.wav,aire
a159.wav,aire
a160.wav,aire
a161.wav,aire
a162.wav,aire
a163.wav,aire
a164.wav,aire
a165.wav,aire
a166.wav,aire
a167.wav,aire
a168.wav,aire
a169.wav,aire
a170.wav,aire
a171.wav,aire
a172.wav,aire
a173.wav,aire
a174.wav,aire
a175.wav,aire
a176.wav,aire
a177.wav,aire
a178.wav,aire
a179.wav,aire
a180.wav,aire
a181.wav,aire
a182.wav,aire
a183.wav,aire
a184.wav,aire
a185.wav,aire
a186.wav,aire
a187.wav,aire
a188.wav,aire
a189.wav,aire
a190.wav,aire
a191.wav,aire
a192.wav,aire
a193.wav,aire
a194.wav,aire
a195.wav,aire
a196.wav,aire
a197.wav,aire
a198.wav,aire
a199.wav,aire
a200.wav,aire
a201.wav,aire
a202.wav,aire
a203.wav,aire
a204.wav,aire
a205.wav,aire
a206.wav,aire
a207.wav,aire
a208.wav,aire
a209.wav,aire
a210.wav,aire
a211.wav,aire
a212.wav,aire
a213.wav,aire
a214.wav,aire
a215.wav,aire
a216.wav,aire
a217.wav,aire
a218.wav,aire
a219.wav,aire
a220.wav,aire
a221.wav,aire
a222.wav,aire
a223.wav,aire
a224.wav,aire
a225.wav,aire
a226.wav,aire
a227.wav,aire
a228.wav,aire
a229.wav,aire
a230.wav,aire
a231.wav,aire
a232.wav,aire
a233.wav,aire
a234.wav,aire
a235.wav,aire
a236.wav,aire
a237.wav,aire
a238.wav,aire
a239.wav,aire
a240.wav,aire
a241.wav,aire
a242.wav,aire
a243.wav,aire
a244.wav,aire
a245.wav,aire
a246.wav,aire
a247.wav,aire
a248.wav,aire
a249.wav,aire
a250.wav,aire
a251.wav,aire
a252.wav,aire
a253.wav,aire
a254.wav,aire
a255.wav,aire
a256.wav,aire
a257.wav,aire
a258.wav,aire
a259.wav,aire
a260.wav,aire
a261.wav,aire
a262.wav,aire
a263.wav,aire
a264.wav,aire
a265.wav,aire
a266.wav,aire
a267.wav,aire
a268.wav,aire
a269.wav,aire
a270.wav,aire
a271.wav,aire
a272.wav,aire
a273.wav,aire
a274.wav,aire
a275.wav,aire
a276.wav,aire
a277.wav,aire
a278.wav,aire
a279.wav,aire
a280.wav,aire
c001.wav,claxon
c002.wav,claxon
c003.wav,claxon
c004.wav,claxon
c005.wav,claxon
c006.wav,claxon
c007.wav,claxon
c008.wav,claxon
c009.wav,claxon
c010.wav,claxon
c011.wav,claxon
c012.wav,claxon
c013.wav,claxon
c014.wav,claxon
c015.wav,claxon
c016.wav,claxon
c017.wav,claxon
c018.wav,claxon
c019.wav,claxon
c020.wav,claxon
c021.wav,claxon
c022.wav,claxon
c023.wav,claxon
c024.wav,claxon
c025.wav,claxon
c026.wav,claxon
c027.wav,claxon
c028.wav,claxon
c029.wav,claxon
c030.wav,claxon
c031.wav,claxon
c032.wav,claxon
c033.wav,claxon
c034.wav,claxon
c035.wav,claxon
c036.wav,claxon
c037.wav,claxon
c038.wav,claxon
c039.wav,claxon
c040.wav,claxon
c041.wav,claxon
c042.wav,claxon
c043.wav,claxon
c044.wav,claxon
c045.wav,claxon
c046.wav,claxon
c047.wav,claxon
c048.wav,claxon
c049.wav,claxon
c050.wav,claxon
c051.wav,claxon
c052.wav,claxon
c053.wav,claxon
c054.wav,claxon
c055.wav,claxon
c056.wav,claxon
c057.wav,claxon
c058.wav,claxon
c059.wav,claxon
c060.wav,claxon
c061.wav,claxon
c062.wav,claxon
c063.wav,claxon
c064.wav,claxon
c065.wav,claxon
c066.wav,claxon
c067.wav,claxon
c068.wav,claxon
c069.wav,claxon
c070.wav,claxon
c071.wav,claxon
c072.wav,claxon
c073.wav,claxon
c074.wav,claxon
c075.wav,claxon
c076.wav,claxon
c077.wav,claxon
c078.wav,claxon
c079.wav,claxon
c080.wav,claxon
c081.wav,claxon
c082.wav,claxon
c083.wav,claxon
c084.wav,claxon
c085.wav,claxon
c086.wav,claxon
c087.wav,claxon
c088.wav,claxon
c089.wav,claxon
c090.wav,claxon
c091.wav,claxon
c092.wav,claxon
c093.wav,claxon
c094.wav,claxon
c095.wav,claxon
c096.wav,claxon
c097.wav,claxon
c098.wav,claxon
c099.wav,claxon
c100.wav,claxon
c101.wav,claxon
c102.wav,claxon
c103.wav,claxon
c104.wav,claxon
c105.wav,claxon
c106.wav,claxon
c107.wav,claxon
c108.wav,claxon
c109.wav,claxon
c110.wav,claxon
c111.wav,claxon
c112.wav,claxon
c113.wav,claxon
c114.wav,claxon
c115.wav,claxon
c116.wav,claxon
c117.wav,claxon
c118.wav,claxon
c119.wav,claxon
c120.wav,claxon
c121.wav,claxon
c122.wav,claxon
c123.wav,claxon
c124.wav,claxon
c125.wav,claxon
c126.wav,claxon
c127.wav,claxon
c128.wav,claxon
c129.wav,claxon
c130.wav,claxon
c131.wav,claxon
c132.wav,claxon
c133.wav,claxon
c134.wav,claxon
c135.wav,claxon
c136.wav,claxon
c137.wav,claxon
c138.wav,claxon
c139.wav,claxon
c140.wav,claxon
c141.wav,claxon
c142.wav,claxon
c143.wav,claxon
c144.wav,claxon
c145.wav,claxon
c146.wav,claxon
c147.wav,claxon
c148.wav,claxon
c149.wav,claxon
c150.wav,claxon
c151.wav,claxon
c152.wav,claxon
c153.wav,claxon
c154.wav,claxon
c155.wav,claxon
c156.wav,claxon
c157.wav,claxon
c158.wav,claxon
c159.wav,claxon
c160.wav,claxon
c161.wav,claxon
c162.wav,claxon
c163.wav,claxon
c164.wav,claxon
c165.wav,claxon
c166.wav,claxon
c167.wav,claxon
c168.wav,claxon
c169.wav,claxon
c170.wav,claxon
c171.wav,claxon
c172.wav,claxon
c173.wav,claxon
c174.wav,claxon
c175.wav,claxon
c176.wav,claxon
c177.wav,claxon
c178.wav,claxon
c179.wav,claxon
c180.wav,claxon
c181.wav,claxon
c182.wav,claxon
c183.wav,claxon
c184.wav,claxon
c185.wav,claxon
c186.wav,claxon
c187.wav,claxon
c188.wav,claxon
c189.wav,claxon
c190.wav,claxon
c191.wav,claxon
c192.wav,claxon
c193.wav,claxon
c194.wav,claxon
c195.wav,claxon
c196.wav,claxon
c197.wav,claxon
c198.wav,claxon
c199.wav,claxon
c200.wav,claxon
c201.wav,claxon
c202.wav,claxon
c203.wav,claxon
c204.wav,claxon
c205.wav,claxon
c206.wav,claxon
c207.wav,claxon
c208.wav,claxon
c209.wav,claxon
c210.wav,claxon
c211.wav,claxon
c212.wav,claxon
c213.wav,claxon
c214.wav,claxon
c215.wav,claxon
c216.wav,claxon
c217.wav,claxon
c218.wav,claxon
c219.wav,claxon
c220.wav,claxon
c221.wav,claxon
c222.wav,claxon
c223.wav,claxon
c224.wav,claxon
c225.wav,claxon
c226.wav,claxon
c227.wav,claxon
c228.wav,claxon
c229.wav,claxon
c230.wav,claxon
c231.wav,claxon
c232.wav,claxon
c233.wav,claxon
c234.wav,claxon
c235.wav,claxon
c236.wav,claxon
c237.wav,claxon
c238.wav,claxon
c239.wav,claxon
c240.wav,claxon
c241.wav,claxon
c242.wav,claxon
c243.wav,claxon
c244.wav,claxon
c245.wav,claxon
c246.wav,claxon
c247.wav,claxon
c248.wav,claxon
c249.wav,claxon
c250.wav,claxon
c251.wav,claxon
c252.wav,claxon
c253.wav,claxon
c254.wav,claxon
c255.wav,claxon
c256.wav,claxon
c257.wav,claxon
c258.wav,claxon
c259.wav,claxon
c260.wav,claxon
c261.wav,claxon
c262.wav,claxon
c263.wav,claxon
c264.wav,claxon
c265.wav,claxon
c266.wav,claxon
c267.wav,claxon
c268.wav,claxon
c269.wav,claxon
c270.wav,claxon
c271.wav,claxon
c272.wav,claxon
c273.wav,claxon
c274.wav,claxon
c275.wav,claxon
c276.wav,claxon
c277.wav,claxon
c278.wav,claxon
c279.wav,claxon
c280.wav,claxon
c281.wav,claxon
c282.wav,claxon
c283.wav,claxon
c284.wav,claxon
c285.wav,claxon
c286.wav,claxon
c287.wav,claxon
c288.wav,claxon
c289.wav,claxon
c290.wav,claxon
c291.wav,claxon
c292.wav,claxon
c293.wav,claxon
c294.wav,claxon
c295.wav,claxon
c296.wav,claxon
c297.wav,claxon
c298.wav,claxon
c299.wav,claxon
c300.wav,claxon
c301.wav,claxon
c302.wav,claxon
c303.wav,claxon
c304.wav,claxon
c305.wav,claxon
c306.wav,claxon
c307.wav,claxon
c308.wav,claxon
c309.wav,claxon
c310.wav,claxon
c311.wav,claxon
c312.wav,claxon
c313.wav,claxon
c314.wav,claxon
c315.wav,claxon
c316.wav,claxon
c317.wav,claxon
c318.wav,claxon
c319.wav,claxon
c320.wav,claxon
c321.wav,claxon
c322.wav,claxon
f001.wav,freno
f002.wav,freno
f003.wav,freno
f004.wav,freno
f005.wav,freno
f006.wav,freno
f007.wav,freno
f008.wav,freno
f009.wav,freno
f010.wav,freno
f011.wav,freno
f012.wav,freno
f013.wav,freno
f014.wav,freno
f015.wav,freno
f016.wav,freno
f017.wav,freno
f018.wav,freno
f019.wav,freno
f020.wav,freno
f021.wav,freno
f022.wav,freno
f023.wav,freno
f024.wav,freno
f025.wav,freno
f026.wav,freno
f027.wav,freno
f028.wav,freno
f029.wav,freno
f030.wav,freno
f031.wav,freno
f032.wav,freno
f033.wav,freno
f034.wav,freno
f035.wav,freno
f036.wav,freno
f037.wav,freno
f038.wav,freno
f039.wav,freno
f040.wav,freno
f041.wav,freno
f042.wav,freno
f043.wav,freno
f044.wav,freno
f045.wav,freno
f046.wav,freno
f047.wav,freno
f048.wav,freno
f049.wav,freno
f050.wav,freno
f051.wav,freno
f052.wav,freno
f053.wav,freno
f054.wav,freno
f055.wav,freno
f056.wav,freno
f057.wav,freno
f058.wav,freno
f059.wav,freno
f060.wav,freno
f061.wav,freno
f062.wav,freno
f063.wav,freno
f064.wav,freno
f065.wav,freno
f066.wav,freno
f067.wav,freno
f068.wav,freno
f069.wav,freno
f070.wav,freno
f071.wav,freno
f072.wav,freno
f073.wav,freno
f074.wav,freno
f075.wav,freno
f076.wav,freno
f077.wav,freno
f078.wav,freno
f079.wav,freno
f080.wav,freno
f081.wav,freno
f082.wav,freno
f083.wav,freno
f084.wav,freno
f085.wav,freno
f086.wav,freno
f087.wav,freno
f088.wav,freno
f089.wav,freno
f090.wav,freno
f091.wav,freno
f092.wav,freno
f093.wav,freno
f094.wav,freno
f095.wav,freno
f096.wav,freno
f097.wav,freno
f098.wav,freno
f099.wav,freno
f100.wav,freno
f101.wav,freno
f102.wav,freno
f103.wav,freno
f104.wav,freno
f105.wav,freno
f106.wav,freno
f107.wav,freno
f108.wav,freno
f109.wav,freno
f110.wav,freno
f111.wav,freno
f112.wav,freno
f113.wav,freno
f114.wav,freno
f115.wav,freno
f116.wav,freno
f117.wav,freno
f118.wav,freno
f119.wav,freno
f120.wav,freno
f121.wav,freno
f122.wav,freno
f123.wav,freno
f124.wav,freno
f125.wav,freno
f126.wav,freno
f127.wav,freno
f128.wav,freno
f129.wav,freno
f130.wav,freno
f131.wav,freno
f132.wav,freno
f133.wav,freno
f134.wav,freno
f135.wav,freno
f136.wav,freno
f137.wav,freno
f138.wav,freno
f139.wav,freno
f140.wav,freno
f141.wav,freno
f142.wav,freno
f143.wav,freno
f144.wav,freno
f145.wav,freno
f146.wav,freno
f147.wav,freno
f148.wav,freno
f149.wav,freno
f150.wav,freno
f151.wav,freno
f152.wav,freno
f153.wav,freno
f154.wav,freno
f155.wav,freno
f156.wav,freno
f157.wav,freno
f158.wav,freno
f159.wav,freno
f160.wav,freno
f161.wav,freno
f162.wav,freno
f163.wav,freno
f164.wav,freno
f165.wav,freno
f166.wav,freno
f167.wav,freno
f168.wav,freno
f169.wav,freno
f170.wav,freno
f171.wav,freno
f172.wav,freno
f173.wav,freno
f174.wav,freno
f175.wav,freno
f176.wav,freno
f177.wav,freno
f178.wav,freno
f179.wav,freno
f180.wav,freno
f181.wav,freno
f182.wav,freno
f183.wav,freno
f184.wav,freno
f185.wav,freno
f186.wav,freno
f187.wav,freno
f188.wav,freno
f189.wav,freno
f190.wav,freno
f191.wav,freno
f192.wav,freno
f193.wav,freno
f194.wav,freno
f195.wav,freno
f196.wav,freno
f197.wav,freno
f198.wav,freno
f199.wav,freno
f200.wav,freno
f201.wav,freno
f202.wav,freno
f203.wav,freno
f204.wav,freno
f205.wav,freno
f206.wav,freno
f207.wav,freno
f208.wav,freno
f209.wav,freno
f210.wav,freno
f211.wav,freno
f212.wav,freno
f213.wav,freno
f214.wav,freno
f215.wav,freno
f216.wav,freno
f217.wav,freno
f218.wav,freno
f219.wav,freno
f220.wav,freno
f221.wav,freno
f222.wav,freno
f223.wav,freno
f224.wav,freno
f225.wav,freno
f226.wav,freno
f227.wav,freno
f228.wav,freno
f229.wav,freno
f230.wav,freno
f231.wav,freno
f232.wav,freno
f233.wav,freno
f234.wav,freno
f235.wav,freno
f236.wav,freno
f237.wav,freno
f238.wav,freno
f239.wav,freno
f240.wav,freno
f241.wav,freno
f242.wav,freno
f243.wav,freno
f244.wav,freno
f245.wav,freno
f246.wav,freno
f247.wav,freno
f248.wav,freno
f249.wav,freno
f250.wav,freno
f251.wav,freno
f252.wav,freno
f253.wav,freno
f254.wav,freno
f255.wav,freno
f256.wav,freno
f257.wav,freno
f258.wav,freno
f259.wav,freno
f260.wav,freno
f261.wav,freno
f262.wav,freno
f263.wav,freno
f264.wav,freno
f265.wav,freno
f266.wav,freno
f267.wav,freno
f268.wav,freno
f269.wav,freno
f270.wav,freno
f271.wav,freno
f272.wav,freno
f273.wav,freno
f274.wav,freno
f275.wav,freno
f276.wav,freno
f277.wav,freno
f278.wav,freno
f279.wav,freno
f280.wav,freno
f281.wav,freno
f282.wav,freno
f283.wav,freno
f284.wav,freno
f285.wav,freno
f286.wav,freno
f287.wav,freno
f288.wav,freno
f289.wav,freno
f290.wav,freno
f291.wav,freno
f292.wav,freno
f293.wav,freno
f294.wav,freno
f295.wav,freno
f296.wav,freno
f297.wav,freno
f298.wav,freno
f299.wav,freno
f300.wav,freno
f301.wav,freno
f302.wav,freno
f303.wav,freno
f304.wav,freno
f305.wav,freno
f306.wav,freno
f307.wav,freno
f308.wav,freno
f309.wav,freno
f310.wav,freno
f311.wav,freno
f312.wav,freno
f313.wav,freno
f314.wav,freno
f315.wav,freno
f316.wav,freno
f317.wav,freno
f318.wav,freno
f319.wav,freno
f320.wav,freno
f321.wav,freno
f322.wav,freno
f323.wav,freno
f324.wav,freno
f325.wav,freno
f326.wav,freno
f327.wav,freno
f328.wav,freno
f329.wav,freno
f330.wav,freno
f331.wav,freno
f332.wav,freno
f333.wav,freno
f334.wav,freno
f335.wav,freno
f336.wav,freno
f337.wav,freno
f338.wav,freno
f339.wav,freno
f340.wav,freno
f341.wav,freno
f342.wav,freno
f343.wav,freno
f344.wav,freno
f345.wav,freno
f346.wav,freno
f347.wav,freno
f348.wav,freno
f349.wav,freno
f350.wav,freno
f351.wav,freno
f352.wav,freno
f353.wav,freno
f354.wav,freno
f355.wav,freno
f356.wav,freno
f357.wav,freno
f358.wav,freno
f359.wav,freno
f360.wav,freno
f361.wav,freno
f362.wav,freno
f363.wav,freno
f364.wav,freno
f365.wav,freno
f366.wav,freno
f367.wav,freno
f368.wav,freno
f369.wav,freno
f370.wav,freno
f371.wav,freno
f372.wav,freno
f373.wav,freno
f374.wav,freno
f375.wav,freno
f376.wav,freno
f377.wav,freno
f378.wav,freno
f379.wav,freno
f380.wav,freno
f381.wav,freno
f382.wav,freno
f383.wav,freno
f384.wav,freno
f385.wav,freno
f386.wav,freno
f387.wav,freno
f388.wav,freno
f389.wav,freno
f390.wav,freno
f391.wav,freno
f392.wav,freno
f393.wav,freno
f394.wav,freno
f395.wav,freno
f396.wav,freno
f397.wav,freno
f398.wav,freno
f399.wav,freno
f400.wav,freno
f401.wav,freno
f402.wav,freno
f403.wav,freno
f404.wav,freno
f405.wav,freno
f406.wav,freno
f407.wav,freno
f408.wav,freno
f409.wav,freno
f410.wav,freno
f411.wav,freno
f412.wav,freno
f413.wav,freno
f414.wav,freno
f415.wav,freno
f416.wav,freno
f417.wav,freno
f418.wav,freno
f419.wav,freno
f420.wav,freno
f421.wav,freno
f422.wav,freno
f423.wav,freno
f424.wav,freno
f425.wav,freno
f426.wav,freno
f427.wav,freno
f428.wav,freno
f429.wav,freno
f430.wav,freno
f431.wav,freno
f432.wav,freno
f433.wav,freno
f434.wav,freno
f435.wav,freno
f436.wav,freno
f437.wav,freno
f438.wav,freno
f439.wav,freno
f440.wav,freno
f441.wav,freno
f442.wav,freno
f443.wav,freno
f444.wav,freno
f445.wav,freno
f446.wav,freno
f447.wav,freno
f448.wav,freno
f449.wav,freno
f450.wav,freno
f451.wav,freno
f452.wav,freno
f453.wav,freno
f454.wav,freno
f455.wav,freno
f456.wav,freno
f457.wav,freno
f458.wav,freno
f459.wav,freno
f460.wav,freno
f461.wav,freno
f462.wav,freno
f463.wav,freno
f464.wav,freno
f465.wav,freno
f466.wav,freno
f467.wav,freno
f468.wav,freno
f469.wav,freno
f470.wav,freno
f471.wav,freno
f472.wav,freno
f473.wav,freno
f474.wav,freno
f475.wav,freno
f476.wav,freno
f477.wav,freno
f478.wav,freno
f479.wav,freno
f480.wav,freno
f481.wav,freno
f482.wav,freno
f483.wav,freno
f484.wav,freno
f485.wav,freno
f486.wav,freno
f487.wav,freno
f488.wav,freno
f489.wav,freno
f490.wav,freno
f491.wav,freno
f492.wav,freno
f493.wav,freno
f494.wav,freno
f495.wav,freno
f496.wav,freno
f497.wav,freno
f498.wav,freno
f499.wav,freno
f500.wav,freno
f501.wav,freno
f502.wav,freno
f503.wav,freno
f504.wav,freno
f505.wav,freno
f506.wav,freno
f507.wav,freno
f508.wav,freno
f509.wav,freno
f510.wav,freno
f511.wav,freno
f512.wav,freno
f513.wav,freno
f514.wav,freno
f515.wav,freno
f516.wav,freno
f517.wav,freno
f518.wav,freno
f519.wav,freno
f520.wav,freno
f521.wav,freno
f522.wav,freno
f523.wav,freno
f524.wav,freno
f525.wav,freno
f526.wav,freno
f527.wav,freno
f528.wav,freno
f529.wav,freno
f530.wav,freno
f531.wav,freno
f532.wav,freno
f533.wav,freno
f534.wav,freno
f535.wav,freno
f536.wav,freno
f537.wav,freno
f538.wav,freno
f539.wav,freno
f540.wav,freno
f541.wav,freno
f542.wav,freno
f543.wav,freno
f544.wav,freno
f545.wav,freno
f546.wav,freno
f547.wav,freno
f548.wav,freno
f549.wav,freno
f550.wav,freno
f551.wav,freno
f552.wav,freno
f553.wav,freno
f554.wav,freno
f555.wav,freno
f556.wav,freno
f557.wav,freno
f558.wav,freno
f559.wav,freno
f560.wav,freno
s001.wav,otro
s002.wav,otro
s003.wav,otro
s004.wav,otro
s005.wav,otro
s006.wav,otro
s007.wav,otro
s008.wav,otro
s009.wav,otro
s010.wav,otro
s011.wav,otro
s012.wav,otro
s013.wav,otro
s014.wav,otro
s015.wav,otro
s016.wav,otro
s017.wav,otro
s018.wav,otro
s019.wav,otro
s020.wav,otro
s021.wav,otro
s022.wav,otro
s023.wav,otro
s024.wav,otro
s025.wav,otro
s026.wav,otro
s027.wav,otro
s028.wav,otro
s029.wav,otro
s030.wav,otro
s031.wav,otro
s032.wav,otro
s033.wav,otro
s034.wav,otro
s035.wav,otro
s036.wav,otro
s037.wav,otro
s038.wav,otro
s039.wav,otro
s040.wav,otro
s041.wav,otro
s042.wav,otro
s043.wav,otro
s044.wav,otro
s045.wav,otro
s046.wav,otro
s047.wav,otro
s048.wav,otro
s049.wav,otro
s050.wav,otro
s051.wav,otro
s052.wav,otro
s053.wav,otro
s054.wav,otro
s055.wav,otro
s056.wav,otro
s057.wav,otro
s058.wav,otro
s059.wav,otro
s060.wav,otro
s061.wav,otro
s062.wav,otro
s063.wav,otro
s064.wav,otro
s065.wav,otro
s066.wav,otro
s067.wav,otro
s068.wav,otro
s069.wav,otro
s070.wav,otro
s071.wav,otro
s072.wav,otro
s073.wav,otro
s074.wav,otro
s075.wav,otro
s076.wav,otro
s077.wav,otro
s078.wav,otro
s079.wav,otro
s080.wav,otro
s081.wav,otro
s082.wav,otro
s083.wav,otro
s084.wav,otro
s085.wav,otro
s086.wav,otro
s087.wav,otro
s088.wav,otro
s089.wav,otro
s090.wav,otro
s091.wav,otro
s092.wav,otro
s093.wav,otro
s094.wav,otro
s095.wav,otro
s096.wav,otro
s097.wav,otro
s098.wav,otro
s099.wav,otro
s100.wav,otro
s101.wav,otro
s102.wav,otro
s103.wav,otro
s104.wav,otro
s105.wav,otro
s106.wav,otro
s107.wav,otro
s108.wav,otro
s109.wav,otro
s110.wav,otro
s111.wav,otro
s112.wav,otro
s113.wav,otro
s114.wav,otro
s115.wav,otro
s116.wav,otro
s117.wav,otro
s118.wav,otro
s119.wav,otro
s120.wav,otro
s121.wav,otro
s122.wav,otro
s123.wav,otro
s124.wav,otro
s125.wav,otro
s126.wav,otro
s127.wav,otro
s128.wav,otro
s129.wav,otro
s130.wav,otro
s131.wav,otro
s132.wav,otro
s133.wav,otro
s134.wav,otro
s135.wav,otro
s136.wav,otro
s137.wav,otro
s138.wav,otro
s139.wav,otro
s140.wav,otro
s141.wav,otro
s142.wav,otro
s143.wav,otro
s144.wav,otro
s145.wav,otro
s146.wav,otro
s147.wav,otro
s148.wav,otro
s149.wav,otro
s150.wav,otro
s151.wav,otro
s152.wav,otro
s153.wav,otro
s154.wav,otro
s155.wav,otro
s156.wav,otro
s157.wav,otro
s158.wav,otro
s159.wav,otro
s160.wav,otro
s161.wav,otro
s162.wav,otro
s163.wav,otro
s164.wav,otro
s165.wav,otro
s166.wav,otro
s167.wav,otro
s168.wav,otro
s169.wav,otro
s170.wav,otro
s171.wav,otro
s172.wav,otro
s173.wav,otro
s174.wav,otro
s175.wav,otro
s176.wav,otro
s177.wav,otro
s178.wav,otro
s179.wav,otro
s180.wav,otro
s181.wav,otro
s182.wav,otro
s183.wav,otro
s184.wav,otro
s185.wav,otro
s186.wav,otro
s187.wav,otro
s188.wav,otro
s189.wav,otro
s190.wav,otro
s191.wav,otro
s192.wav,otro
s193.wav,otro
s194.wav,otro
s195.wav,otro
s196.wav,otro
s197.wav,otro
s198.wav,otro
s199.wav,otro
s200.wav,otro
s201.wav,otro
s202.wav,otro
s203.wav,otro
s204.wav,otro
s205.wav,otro
s206.wav,otro
s207.wav,otro
s208.wav,otro
s209.wav,otro
s210.wav,otro
s211.wav,otro
s212.wav,otro
s213.wav,otro
s214.wav,otro
s215.wav,otro
s216.wav,otro
s217.wav,otro
s218.wav,otro
s219.wav,otro
s220.wav,otro
s221.wav,otro
s222.wav,otro
s223.wav,otro
s224.wav,otro
s225.wav,otro
s226.wav,otro
s227.wav,otro
s228.wav,otro
s229.wav,otro
s230.wav,otro
s231.wav,otro
s232.wav,otro
s233.wav,otro
s234.wav,otro
s235.wav,otro
s236.wav,otro
s237.wav,otro
s238.wav,otro
s239.wav,otro
s240.wav,otro
s241.wav,otro
s242.wav,otro
s243.wav,otro
s244.wav,otro
s245.wav,otro
s246.wav,otro
s247.wav,otro
s248.wav,otro
s249.wav,otro
s250.wav,otro
s251.wav,otro
s252.wav,otro
s253.wav,otro
s254.wav,otro
s255.wav,otro
s256.wav,otro
s257.wav,otro
s258.wav,otro
s259.wav,otro
s260.wav,otro
s261.wav,otro
s262.wav,otro
s263.wav,otro
s264.wav,otro
s265.wav,otro
s266.wav,otro
s267.wav,otro
s268.wav,otro
s269.wav,otro
s270.wav,otro
s271.wav,otro
s272.wav,otro
s273.wav,otro
s274.wav,otro
s275.wav,otro
s276.wav,otro
s277.wav,otro
s278.wav,otro
s279.wav,otro
s280.wav,otro
s281.wav,otro
s282.wav,otro
s283.wav,otro
s284.wav,otro
s285.wav,otro
s286.wav,otro
s287.wav,otro
s288.wav,otro
s289.wav,otro
s290.wav,otro
s291.wav,otro
s292.wav,otro
s293.wav,otro
s294.wav,otro
s295.wav,otro
s296.wav,otro
s297.wav,otro
s298.wav,otro
s299.wav,otro
s300.wav,otro
s301.wav,otro
s302.wav,otro
s303.wav,otro
s304.wav,otro
s305.wav,otro
s306.wav,otro
s307.wav,otro
s308.wav,otro
s309.wav,otro
s310.wav,otro
s311.wav,otro
s312.wav,otro
s313.wav,otro
s314.wav,otro
s315.wav,otro
s316.wav,otro
s317.wav,otro
s318.wav,otro
s319.wav,otro
s320.wav,otro
s321.wav,otro
s322.wav,otro
s323.wav,otro
s324.wav,otro
s325.wav,otro
s326.wav,otro
s327.wav,otro
s328.wav,otro
s329.wav,otro
s330.wav,otro
s331.wav,otro
s332.wav,otro
s333.wav,otro
s334.wav,otro
s335.wav,otro
s336.wav,otro
s337.wav,otro
s338.wav,otro
s339.wav,otro
s340.wav,otro
s341.wav,otro
s342.wav,otro
s343.wav,otro
s344.wav,otro
s345.wav,otro
s346.wav,otro
s347.wav,otro
s348.wav,otro
s349.wav,otro
s350.wav,otro
s351.wav,otro
s352.wav,otro
s353.wav,otro
s354.wav,otro
s355.wav,otro
s356.wav,otro
s357.wav,otro
s358.wav,otro
s359.wav,otro
s360.wav,otro
s361.wav,otro
s362.wav,otro
s363.wav,otro
s364.wav,otro
s365.wav,otro
s366.wav,otro
s367.wav,otro
s368.wav,otro
s369.wav,otro
s370.wav,otro
s371.wav,otro
s372.wav,otro
s373.wav,otro
s374.wav,otro
s375.wav,otro
s376.wav,otro
s377.wav,otro
s378.wav,otro
s379.wav,otro
s380.wav,otro
s381.wav,otro
s382.wav,otro
s383.wav,otro
s384.wav,otro
s385.wav,otro
s386.wav,otro
s387.wav,otro
s388.wav,otro
s389.wav,otro
s390.wav,otro
s391.wav,otro
s392.wav,otro
s393.wav,otro
s394.wav,otro
s395.wav,otro
s396.wav,otro
s397.wav,otro
s398.wav,otro
s399.wav,otro
s400.wav,otro
s401.wav,otro
s402.wav,otro
s403.wav,otro
s404.wav,otro
s405.wav,otro
s406.wav,otro
s407.wav,otro
s408.wav,otro
s409.wav,otro
s410.wav,otro
s411.wav,otro
s412.wav,otro
s413.wav,otro
s414.wav,otro
s415.wav,otro
s416.wav,otro
s417.wav,otro
s418.wav,otro
s419.wav,otro
s420.wav,otro
s421.wav,otro
s422.wav,otro
s423.wav,otro
s424.wav,otro
s425.wav,otro
s426.wav,otro
s427.wav,otro
s428.wav,otro
s429.wav,otro
s430.wav,otro
s431.wav,otro
s432.wav,otro
s433.wav,otro
s434.wav,otro
s435.wav,otro
s436.wav,otro
s437.wav,otro
s438.wav,otro
s439.wav,otro
s440.wav,otro
s441.wav,otro
s442.wav,otro
s443.wav,otro
s444.wav,otro
s445.wav,otro
s446.wav,otro
s447.wav,otro
s448.wav,otro
s449.wav,otro
s450.wav,otro
s451.wav,otro
s452.wav,otro
s453.wav,otro
s454.wav,otro
s455.wav,otro
s456.wav,otro
s457.wav,otro
s458.wav,otro
s459.wav,otro
s460.wav,otro
s461.wav,otro
s462.wav,otro
s463.wav,otro
s464.wav,otro
s465.wav,otro
s466.wav,otro
s467.wav,otro
s468.wav,otro
s469.wav,otro
s470.wav,otro
s471.wav,otro
s472.wav,otro
s473.wav,otro
s474.wav,otro
s475.wav,otro
s476.wav,otro
s477.wav,otro
s478.wav,otro
s479.wav,otro
s480.wav,otro
s481.wav,otro
s482.wav,otro
s483.wav,otro
s484.wav,otro
s485.wav,otro
s486.wav,otro
s487.wav,otro
s488.wav,otro
s489.wav,otro
s490.wav,otro
s491.wav,otro
s492.wav,otro
s493.wav,otro
s494.wav,otro
s495.wav,otro
s496.wav,otro
s497.wav,otro
s498.wav,otro
s499.wav,otro
s500.wav,otro
s501.wav,otro
s502.wav,otro
s503.wav,otro
s504.wav,otro
s505.wav,otro
s506.wav,otro
s507.wav,otro
s508.wav,otro
s509.wav,otro
s510.wav,otro
s511.wav,otro
s512.wav,otro
s513.wav,otro
s514.wav,otro
s515.wav,otro
s516.wav,otro
s517.wav,otro
s518.wav,otro
s519.wav,otro
s520.wav,otro
s521.wav,otro
s522.wav,otro
s523.wav,otro
s524.wav,otro
s525.wav,otro
s526.wav,otro
s527.wav,otro
s528.wav,otro
s529.wav,otro
s530.wav,otro
s531.wav,otro
s532.wav,otro
s533.wav,otro
s534.wav,otro
s535.wav,otro
s536.wav,otro
s537.wav,otro
s538.wav,otro
s539.wav,otro
s540.wav,otro
s541.wav,otro
s542.wav,otro
s543.wav,otro
s544.wav,otro
s545.wav,otro
s546.wav,otro
s547.wav,otro
s548.wav,otro
s549.wav,otro
s550.wav,otro
s551.wav,otro
s552.wav,otro
s553.wav,otro
s554.wav,otro
s555.wav,otro
s556.wav,otro
s557.wav,otro
s558.wav,otro
s559.wav,otro
s560.wav,otro